{"cameraMode":{"drawMode":0,"name":"Shaded","section":"Shading Mode"},"sceneLighting":true,"audioPlay":false,"sceneViewState":{"m_AlwaysRefresh":false,"showFog":true,"showSkybox":true,"showFlares":true,"showImageEffects":true,"showParticleSystems":true,"showVisualEffectGraphs":true,"m_FxEnabled":true},"in2DMode":false,"pivot":{"x":-0.031991422176361087,"y":1.974634051322937,"z":2.4755501747131349},"rotation":{"x":-0.031678345054388049,"y":-0.7672439813613892,"z":-0.03800969570875168,"w":0.6394451260566711},"size":1.384802222251892,"orthographic":false}